SMILES,Tm_pred,Tm_low,Tm_high,method,confidence,top_similarity,interval_width,from_cache,id
CCOC(=O)c1ccc(O)cc1,390.15,387.79999999999995,392.5,exact_smiles,1.0,1.0,4.7000000000000455,True,1022
CCCCCCc1ccc(O)cc1O,341.15,338.79999999999995,343.5,exact_smiles,1.0,1.0,4.7000000000000455,True,1146
ClCBr,185.14999999999998,182.79999999999995,187.5,exact_smiles,1.0,1.0,4.7000000000000455,True,79
C=CCCCCCCCC,206.8,204.45,209.15000000000003,exact_smiles,1.0,1.0,4.7000000000000455,True,2279
Fc1ccc(cc1)C(F)(F)F,231.45,229.09999999999997,233.8,exact_smiles,1.0,1.0,4.7000000000000455,True,1342
CCCCCCCCCCCCCCCCCCCCCCCCCCCCC,337.9,335.54999999999995,340.25,exact_smiles,1.0,1.0,4.7000000000000455,True,2082
CCCC(=O)OCC(COC(=O)CCC)OC(=O)CCC,198.14999999999998,195.79999999999995,200.5,exact_smiles,1.0,1.0,4.7000000000000455,True,29
O=C(Cl)c1cccc(c1)C(=O)Cl,316.65,314.29999999999995,319.0,exact_smiles,1.0,1.0,4.7000000000000455,True,515
CCCCCC(=O)CCCCC,287.8,285.45,290.15000000000003,exact_smiles,1.0,1.0,4.7000000000000455,True,2309
CCOC(=O)CC(=O)C,230.14999999999998,227.79999999999995,232.5,exact_smiles,1.0,1.0,4.7000000000000455,True,1177
OCC1CCCCC1,230.14999999999998,227.79999999999995,232.5,exact_smiles,1.0,1.0,4.7000000000000455,True,553
CCCC(C)(CO)CO,328.15,325.79999999999995,330.5,exact_smiles,1.0,1.0,4.7000000000000455,True,179
C=CCc1ccc(O)cc1,288.95,286.59999999999997,291.3,exact_smiles,1.0,1.0,4.7000000000000455,True,1441
S1CCSCC1,385.45,383.09999999999997,387.8,exact_smiles,1.0,1.0,4.7000000000000455,True,1457
O=C(C)CC(=O)C,250.14999999999998,247.79999999999995,252.5,exact_smiles,1.0,1.0,4.7000000000000455,True,1085
CCCCCCCCCCCCCCC(=O)O,325.45,323.09999999999997,327.8,exact_smiles,1.0,1.0,4.7000000000000455,True,2344
CCOC(=O)CCCCCCCCC(=O)OCC,275.15,272.79999999999995,277.5,exact_smiles,1.0,1.0,4.7000000000000455,True,848
CCOP(=O)(C#N)N(C)C,223.14999999999998,220.79999999999995,225.5,exact_smiles,1.0,1.0,4.7000000000000455,True,176
Cc1cccc2SC3=NN=CN3c12,460.15,457.79999999999995,462.5,exact_smiles,1.0,1.0,4.7000000000000455,True,3282
CCCC=C(C)C,143.14999999999998,140.79999999999995,145.5,exact_smiles,1.0,1.0,4.7000000000000455,True,2743
C=COC(C)C,133.14999999999998,130.79999999999995,135.5,exact_smiles,1.0,1.0,4.7000000000000455,True,2308
CCC1=CCCC1,155.14999999999998,152.79999999999995,157.5,exact_smiles,1.0,1.0,4.7000000000000455,True,2648
Clc1ccc(cc1)C(=C(Cl)Cl)c2ccc(Cl)cc2,362.15,359.79999999999995,364.5,exact_smiles,1.0,1.0,4.7000000000000455,True,71
CC(C)c1ccccc1,177.14999999999998,174.79999999999995,179.5,exact_smiles,1.0,1.0,4.7000000000000455,True,498
CCN(Cc1ccccc1)c2ccccc2,308.15,305.79999999999995,310.5,exact_smiles,1.0,1.0,4.7000000000000455,True,366
N#CC(C)C,201.64999999999998,199.29999999999995,204.0,exact_smiles,1.0,1.0,4.7000000000000455,True,193
CCCCCCCCCCCCCCCCCC(=O)O,342.45,340.09999999999997,344.8,exact_smiles,1.0,1.0,4.7000000000000455,True,18
CC(C)CCCC(C)CCCC(C)CCCC1(C)CCc2cc(O)cc(C)c2O1,270.1499938964844,199.64999389648438,340.6499938964844,retrieval,0.7254902124404907,0.7254902124404907,141.0,False,9
Nc1ccc(N)cc1,413.15,410.79999999999995,415.5,exact_smiles,1.0,1.0,4.7000000000000455,True,684
N#Cc1cnccc1,324.15,321.79999999999995,326.5,exact_smiles,1.0,1.0,4.7000000000000455,True,558
c1ccc(cc1)c2cccc(n2)c3ccccc3,351.15,348.79999999999995,353.5,exact_smiles,1.0,1.0,4.7000000000000455,True,2831
CC1(OCOCC1)c2ccccc2,310.5,308.15,312.85,exact_smiles,1.0,1.0,4.7000000000000455,True,2443
C1CCC(CC1)CCCC2CCCCC2,256.15,253.79999999999995,258.5,exact_smiles,1.0,1.0,4.7000000000000455,True,2795
N#CCC,181.14999999999998,178.79999999999995,183.5,exact_smiles,1.0,1.0,4.7000000000000455,True,714
O=C(O)C(Br)(C)C,319.2,316.84999999999997,321.55,exact_smiles,1.0,1.0,4.7000000000000455,True,2626
O=C=Nc1ccccc1,240.14999999999998,237.79999999999995,242.5,exact_smiles,1.0,1.0,4.7000000000000455,True,613
C1CCc2cc3CCCCc3cc2C1,351.0,348.65,353.35,exact_smiles,1.0,1.0,4.7000000000000455,True,2380
CC1=NN=CC1,316.8900146484375,238.49002075195312,395.2900085449219,fallback,0.3,0.31578946113586426,156.79998779296875,False,2459
CCC(=O)C(C)(C)C,228.0,225.64999999999998,230.35000000000002,exact_smiles,1.0,1.0,4.7000000000000455,True,1619
Cc1cc(O)c(C)c(C)c1,366.65,364.29999999999995,369.0,exact_smiles,1.0,1.0,4.7000000000000455,True,2176
BrC(Br)C,210.14999999999998,207.79999999999995,212.5,exact_smiles,1.0,1.0,4.7000000000000455,True,1599
CN(C)c1ccccn1,273.0,270.65,275.35,exact_smiles,1.0,1.0,4.7000000000000455,True,2992
CCCCOC(=O)CCCC,180.34999999999997,177.99999999999994,182.7,exact_smiles,1.0,1.0,4.7000000000000455,True,1715
FCCCC,139.0,136.64999999999998,141.35000000000002,exact_smiles,1.0,1.0,4.7000000000000455,True,2689
O=C=NCCC,243.0,240.64999999999998,245.35000000000002,exact_smiles,1.0,1.0,4.7000000000000455,True,873
O=Cc1ccc(O)c(OC)c1,354.65,352.29999999999995,357.0,exact_smiles,1.0,1.0,4.7000000000000455,True,1039
Clc1cc(Cl)cc(Br)c1,356.15,353.79999999999995,358.5,exact_smiles,1.0,1.0,4.7000000000000455,True,3213
CCC(C)(C)C(C)(C)C,263.1,260.75,265.45000000000005,exact_smiles,1.0,1.0,4.7000000000000455,True,3066
ClCCCCCCCCCCCCCC,277.9,275.54999999999995,280.25,exact_smiles,1.0,1.0,4.7000000000000455,True,2702
Fc1ccc(cc1)c2ccc(F)cc2,367.5,365.15,369.85,exact_smiles,1.0,1.0,4.7000000000000455,True,1339
O=C(C)c1cccc2ccccc12,283.15,280.79999999999995,285.5,exact_smiles,1.0,1.0,4.7000000000000455,True,2332
OC(C)(C)C(C)(C)C,290.15,287.79999999999995,292.5,exact_smiles,1.0,1.0,4.7000000000000455,True,1758
C=CC(C)CC,120.14999999999998,117.79999999999995,122.5,exact_smiles,1.0,1.0,4.7000000000000455,True,2198
Fc1ccc(N)cc1,272.34999999999997,269.99999999999994,274.7,exact_smiles,1.0,1.0,4.7000000000000455,True,1324
N#CC#N,245.24999999999997,242.89999999999995,247.6,exact_smiles,1.0,1.0,4.7000000000000455,True,1386
Fc1ccc(N)c(F)c1,265.15,262.79999999999995,267.5,exact_smiles,1.0,1.0,4.7000000000000455,True,1322
CCCCCCCCCC(=O)OCC,253.0,250.64999999999998,255.35000000000002,exact_smiles,1.0,1.0,4.7000000000000455,True,846
CCCCOC(=O)c1ccccc1,251.14999999999998,248.79999999999995,253.5,exact_smiles,1.0,1.0,4.7000000000000455,True,1145
CCCCC(CO)(CO)CC,316.95,314.59999999999997,319.3,exact_smiles,1.0,1.0,4.7000000000000455,True,992
Clc1ccccc1C,237.5,235.14999999999998,239.85000000000002,exact_smiles,1.0,1.0,4.7000000000000455,True,416
CC=C(C)C(=O)O,336.4,334.04999999999995,338.75,exact_smiles,1.0,1.0,4.7000000000000455,True,243
NCCCCCCCCCCCCCCCC,319.8,317.45,322.15000000000003,exact_smiles,1.0,1.0,4.7000000000000455,True,1197
CC1=C(C)CCCC1,189.14999999999998,186.79999999999995,191.5,exact_smiles,1.0,1.0,4.7000000000000455,True,2519
Fc1ccccc1c2ccccc2,346.65,344.29999999999995,349.0,exact_smiles,1.0,1.0,4.7000000000000455,True,1269
Clc1ccc2cc(Cl)ccc2c1,413.65,411.29999999999995,416.0,exact_smiles,1.0,1.0,4.7000000000000455,True,2632
CCCCC(CCl)CC,203.0,200.64999999999998,205.35000000000002,exact_smiles,1.0,1.0,4.7000000000000455,True,1070
CCCCNc1ccccc1,261.0,258.65,263.35,exact_smiles,1.0,1.0,4.7000000000000455,True,2410
CCCCCCCCCCCCCCCCCCCCCC1CCCC1,315.0,312.65,317.35,exact_smiles,1.0,1.0,4.7000000000000455,True,3037
CC(C)(C)c1ccncc1,232.14999999999998,229.79999999999995,234.5,exact_smiles,1.0,1.0,4.7000000000000455,True,2868
O=N(=O)c1ccc(Cl)c(C)c1,315.65,313.29999999999995,318.0,exact_smiles,1.0,1.0,4.7000000000000455,True,3130
CCOC(=O)C(O)C(O)C(=O)OCC,290.15,287.79999999999995,292.5,exact_smiles,1.0,1.0,4.7000000000000455,True,283
Oc1ccc(O)c(Cl)c1,381.0,378.65,383.35,exact_smiles,1.0,1.0,4.7000000000000455,True,1891
CCC1=CSC=C1,183.9,181.54999999999998,186.25000000000003,exact_smiles,1.0,1.0,4.7000000000000455,True,2553
CC1(C)CCCCC1,239.8,237.45,242.15000000000003,exact_smiles,1.0,1.0,4.7000000000000455,True,1700
C=CCOC(=O)C,279.15,276.79999999999995,281.5,exact_smiles,1.0,1.0,4.7000000000000455,True,1719
CCCC(=O)c1ccc(C)cc1,285.15,282.79999999999995,287.5,exact_smiles,1.0,1.0,4.7000000000000455,True,2880
CC1CC(C)C(C)C1,140.84999999999997,138.49999999999994,143.2,exact_smiles,1.0,1.0,4.7000000000000455,True,2731
OC(C)CN(C)C,397.15,394.79999999999995,399.5,exact_smiles,1.0,1.0,4.7000000000000455,True,752
Nc1ccc(C)c(Cl)c1,296.15,293.79999999999995,298.5,exact_smiles,1.0,1.0,4.7000000000000455,True,434
ClC(F)(F)C,142.34999999999997,139.99999999999994,144.7,exact_smiles,1.0,1.0,4.7000000000000455,True,126
CC1=NN=C(C)S1,338.15,335.79999999999995,340.5,exact_smiles,1.0,1.0,4.7000000000000455,True,3252
CCOC(CN)OCC,195.14999999999998,192.79999999999995,197.5,exact_smiles,1.0,1.0,4.7000000000000455,True,2132
O=CCCCCC,217.14999999999998,214.79999999999995,219.5,exact_smiles,1.0,1.0,4.7000000000000455,True,51
Oc1cc(C)cc(C)c1,338.65,336.29999999999995,341.0,exact_smiles,1.0,1.0,4.7000000000000455,True,780
CCC1CCc2ccccc2C1,230.2,227.84999999999997,232.55,exact_smiles,1.0,1.0,4.7000000000000455,True,3269
Cc1cnccn1,243.14999999999998,240.79999999999995,245.5,exact_smiles,1.0,1.0,4.7000000000000455,True,804
C=CSC=C,293.0,290.65,295.35,exact_smiles,1.0,1.0,4.7000000000000455,True,2028
OCc1ccccc1,258.15,255.79999999999995,260.5,exact_smiles,1.0,1.0,4.7000000000000455,True,555
CC(C)C(C)(C)C(C)(C)C,236.74999999999997,234.39999999999995,239.1,exact_smiles,1.0,1.0,4.7000000000000455,True,3183
Nc1cccc(C)c1,241.84999999999997,239.49999999999994,244.2,exact_smiles,1.0,1.0,4.7000000000000455,True,770
O=C(C)c1ccccc1,292.65,290.29999999999995,295.0,exact_smiles,1.0,1.0,4.7000000000000455,True,501
CCCCc1ccc(N)cc1,259.15,256.79999999999995,261.5,exact_smiles,1.0,1.0,4.7000000000000455,True,623
C=C(C)c1ccccc1,249.95,247.59999999999997,252.3,exact_smiles,1.0,1.0,4.7000000000000455,True,499
CCCOC(=O)C(=O)OCCC,228.84999999999997,226.49999999999994,231.2,exact_smiles,1.0,1.0,4.7000000000000455,True,1896
BrC(Br)=C(Br)Br,329.5,327.15,331.85,exact_smiles,1.0,1.0,4.7000000000000455,True,224
CCC(C)C(C)C,146.27999877929688,67.8800048828125,224.67999267578125,fallback,0.3,0.5,156.79998779296875,False,1620
CC1CCCCS1,215.14999999999998,212.79999999999995,217.5,exact_smiles,1.0,1.0,4.7000000000000455,True,2952
O=C(O)c1c(C)cccc1C,389.0,386.65,391.35,exact_smiles,1.0,1.0,4.7000000000000455,True,2092
O=C(F)C,189.14999999999998,186.79999999999995,191.5,exact_smiles,1.0,1.0,4.7000000000000455,True,1602
O=C(O)C1=CC=CO1,403.15,400.79999999999995,405.5,exact_smiles,1.0,1.0,4.7000000000000455,True,290
CCCCCCCC(=O)OCCCC,230.24999999999997,227.89999999999995,232.6,exact_smiles,1.0,1.0,4.7000000000000455,True,1687
CC1=CCC(CC1)C(=C)C,178.14999999999998,175.79999999999995,180.5,exact_smiles,1.0,1.0,4.7000000000000455,True,1153
C=CCCCCCCCCCC,238.14999999999998,235.79999999999995,240.5,exact_smiles,1.0,1.0,4.7000000000000455,True,957
Cc1ccc(C)c(C)n1,310.15,307.79999999999995,312.5,exact_smiles,1.0,1.0,4.7000000000000455,True,2468
Clc1ccc2C(=O)OC(=O)c2c1Cl,394.15,391.79999999999995,396.5,exact_smiles,1.0,1.0,4.7000000000000455,True,3314
c1ccc2cc3c4cccc5cccc(c3cc2c1)c45,489.15,486.79999999999995,491.5,exact_smiles,1.0,1.0,4.7000000000000455,True,1224
COc1ccccc1Oc2ccccc2OC,352.65,350.29999999999995,355.0,exact_smiles,1.0,1.0,4.7000000000000455,True,2517
CCCCCCCCCCCC(=O)OC,278.15,275.79999999999995,280.5,exact_smiles,1.0,1.0,4.7000000000000455,True,921
ClCCCCCCCCCCCC,263.9,261.54999999999995,266.25,exact_smiles,1.0,1.0,4.7000000000000455,True,964
C#CCl,147.14999999999998,144.79999999999995,149.5,exact_smiles,1.0,1.0,4.7000000000000455,True,1740
O=C(O)CC(C)(C)C,279.15,276.79999999999995,281.5,exact_smiles,1.0,1.0,4.7000000000000455,True,2361
Cc1ccc(Br)c(C)c1,256.0,253.64999999999998,258.35,exact_smiles,1.0,1.0,4.7000000000000455,True,1660
CCC1CCCCC1,161.8,159.45,164.15000000000003,exact_smiles,1.0,1.0,4.7000000000000455,True,2522
COC(=O)c1ccc(C)cc1,310.15,307.79999999999995,312.5,exact_smiles,1.0,1.0,4.7000000000000455,True,519
C#CC=C,192.739990234375,114.33999633789062,271.1399841308594,fallback,0.3,0.4375,156.79998779296875,False,2156
C=CCC(C)C,120.14999999999998,117.79999999999995,122.5,exact_smiles,1.0,1.0,4.7000000000000455,True,2159
Cc1cc(C)c(Br)c(C)c1Br,338.65,336.29999999999995,341.0,exact_smiles,1.0,1.0,4.7000000000000455,True,3050
ClCC(Cl)CCl,258.45,256.09999999999997,260.8,exact_smiles,1.0,1.0,4.7000000000000455,True,453
CCOc1ccc(C=O)cc1OCC,295.15,292.79999999999995,297.5,exact_smiles,1.0,1.0,4.7000000000000455,True,2595
Cc1cc(Cl)c(O)c(Cl)c1,312.15,309.79999999999995,314.5,exact_smiles,1.0,1.0,4.7000000000000455,True,2704
Nc1ccc(Cl)c(Cl)c1,345.15,342.79999999999995,347.5,exact_smiles,1.0,1.0,4.7000000000000455,True,436
FC(F)(F)F,89.14999999999998,86.79999999999995,91.5,exact_smiles,1.0,1.0,4.7000000000000455,True,130
C#CC,170.3,167.95,172.65000000000003,exact_smiles,1.0,1.0,4.7000000000000455,True,81
COC(=O)c1ccc(cc1)C(=O)OC,414.15,411.79999999999995,416.5,exact_smiles,1.0,1.0,4.7000000000000455,True,1027
CCOC(=O)C1=Cc2ccccc2O1,303.65,301.29999999999995,306.0,exact_smiles,1.0,1.0,4.7000000000000455,True,2797
N#CCCCCCCCC,238.95,236.59999999999997,241.3,exact_smiles,1.0,1.0,4.7000000000000455,True,2669
OC1CCCC(C)(C)C1,284.5,282.15,286.85,exact_smiles,1.0,1.0,4.7000000000000455,True,2223
CC(C)=NN=C(C)C,260.65,258.29999999999995,263.0,exact_smiles,1.0,1.0,4.7000000000000455,True,2031
O=C(C)CC(=O)c1ccccc1,330.5,328.15,332.85,exact_smiles,1.0,1.0,4.7000000000000455,True,397
COc1cc(Cl)c(Cl)cc1Cl,350.65,348.29999999999995,353.0,exact_smiles,1.0,1.0,4.7000000000000455,True,3010
SCCCCCCCCCCCCCCCCCC,305.15,302.79999999999995,307.5,exact_smiles,1.0,1.0,4.7000000000000455,True,2767
CCOC(=O)c1ccccc1,239.14999999999998,236.79999999999995,241.5,exact_smiles,1.0,1.0,4.7000000000000455,True,396
CCCCOC(=O)CC,184.14999999999998,181.79999999999995,186.5,exact_smiles,1.0,1.0,4.7000000000000455,True,1693
Oc1ccc(C)c(O)c1,369.78997802734375,291.3899841308594,448.1899719238281,fallback,0.3,0.6499999761581421,156.79998779296875,False,1432
c1ccc(cc1)C2CCc3ccccc3O2,319.3,316.95,321.65000000000003,exact_smiles,1.0,1.0,4.7000000000000455,True,1422
C=CCCCCCCCCCCCCC,269.6,267.25,271.95000000000005,exact_smiles,1.0,1.0,4.7000000000000455,True,3132
C1CCCC1,179.2,176.84999999999997,181.55,exact_smiles,1.0,1.0,4.7000000000000455,True,1247
CC=CC(=O)OCC,268.1499938964844,197.64999389648438,338.6499938964844,retrieval,0.75,0.75,141.0,False,1965
C#CCC,147.45,145.09999999999997,149.8,exact_smiles,1.0,1.0,4.7000000000000455,True,703
Oc1ccc(C)cc1,308.65,306.29999999999995,311.0,exact_smiles,1.0,1.0,4.7000000000000455,True,678
c1cc2ccc3cccc4Cc(c1)c2c34,387.15,384.79999999999995,389.5,exact_smiles,1.0,1.0,4.7000000000000455,True,1221
O=N(=O)c1ccccc1Br,316.15,313.79999999999995,318.5,exact_smiles,1.0,1.0,4.7000000000000455,True,1638
ClC(Cl)c1ccc(Cl)c(Cl)c1Cl,357.15,354.79999999999995,359.5,exact_smiles,1.0,1.0,4.7000000000000455,True,3311
Fc1cc(F)cc(F)c1,267.15,264.79999999999995,269.5,exact_smiles,1.0,1.0,4.7000000000000455,True,1329
CCCc1ccccc1,173.14999999999998,170.79999999999995,175.5,exact_smiles,1.0,1.0,4.7000000000000455,True,610
Oc1cc(C)c(cc1C)C(C)(C)C,344.2,341.84999999999997,346.55,exact_smiles,1.0,1.0,4.7000000000000455,True,3198
CC(c1ccccc1)C(O)(C)C,319.0,316.65,321.35,exact_smiles,1.0,1.0,4.7000000000000455,True,2805
O=C(N)Nc1ccc(Br)cc1,499.0,496.65,501.35,exact_smiles,1.0,1.0,4.7000000000000455,True,2586
CCCCC(=O)OC(=O)CCCC,217.04999999999998,214.69999999999996,219.4,exact_smiles,1.0,1.0,4.7000000000000455,True,2635
O=C(C)OC(OC(=O)C)C1=CC=CO1,326.45,324.09999999999997,328.8,exact_smiles,1.0,1.0,4.7000000000000455,True,1868
N#CC(=C)Cl,208.0,205.64999999999998,210.35000000000002,exact_smiles,1.0,1.0,4.7000000000000455,True,2301
CCON(=O)=O,178.54999999999998,176.19999999999996,180.9,exact_smiles,1.0,1.0,4.7000000000000455,True,1994
ClCC(C)C,142.14999999999998,139.79999999999995,144.5,exact_smiles,1.0,1.0,4.7000000000000455,True,1472
OCCN1CCOCC1,273.2,270.84999999999997,275.55,exact_smiles,1.0,1.0,4.7000000000000455,True,1944
ClOCl,152.54999999999998,150.19999999999996,154.9,exact_smiles,1.0,1.0,4.7000000000000455,True,3107
Cc1cccc(c1)c2cccc(C)c2,280.15,277.79999999999995,282.5,exact_smiles,1.0,1.0,4.7000000000000455,True,1856
Clc1cc(Cl)c2ccccc2n1,340.65,338.29999999999995,343.0,exact_smiles,1.0,1.0,4.7000000000000455,True,2185
Clc1cc(Cl)c(Cl)c(C)c1,318.65,316.29999999999995,321.0,exact_smiles,1.0,1.0,4.7000000000000455,True,3312
CCCCC(O)CCC,232.14999999999998,229.79999999999995,234.5,exact_smiles,1.0,1.0,4.7000000000000455,True,1686
CCC(=O)OC(=O)CC,228.14999999999998,225.79999999999995,230.5,exact_smiles,1.0,1.0,4.7000000000000455,True,1087
Clc1ccc(C)c(c1)N(=O)=O,309.15,306.79999999999995,311.5,exact_smiles,1.0,1.0,4.7000000000000455,True,304
FC(F)(F)C(F)(F)F,172.45,170.09999999999997,174.8,exact_smiles,1.0,1.0,4.7000000000000455,True,159
CC=C(Cl)C(=O)O,372.95,370.59999999999997,375.3,exact_smiles,1.0,1.0,4.7000000000000455,True,1782
c1ccc(cc1)Cc2ccccc2,298.2,295.84999999999997,300.55,exact_smiles,1.0,1.0,4.7000000000000455,True,582
Clc1ccccc1O,282.95,280.59999999999997,285.3,exact_smiles,1.0,1.0,4.7000000000000455,True,423
ClC(C)C,155.5,153.14999999999998,157.85000000000002,exact_smiles,1.0,1.0,4.7000000000000455,True,101
C1=CCC(CC1)c2ccncc2,295.1,292.75,297.45000000000005,exact_smiles,1.0,1.0,4.7000000000000455,True,3321
ClC1(Cl)CCCCC1,226.0,223.64999999999998,228.35000000000002,exact_smiles,1.0,1.0,4.7000000000000455,True,2638
CCC(=O)CC,234.14999999999998,231.79999999999995,236.5,exact_smiles,1.0,1.0,4.7000000000000455,True,455
N#CN(CC)CC,192.54999999999998,190.19999999999996,194.9,exact_smiles,1.0,1.0,4.7000000000000455,True,1910
O=C1NCc2ccccc12,424.15,421.79999999999995,426.5,exact_smiles,1.0,1.0,4.7000000000000455,True,1402
CC(C)(C)CCC(C)(C)C,260.54999999999995,258.19999999999993,262.9,exact_smiles,1.0,1.0,4.7000000000000455,True,2364
CCCCc1cc(C)ccc1O,292.15,289.79999999999995,294.5,exact_smiles,1.0,1.0,4.7000000000000455,True,3047
OCCCCCC(C)C,167.14999999999998,164.79999999999995,169.5,exact_smiles,1.0,1.0,4.7000000000000455,True,2516
CCC(=O)O,252.04999999999998,249.69999999999996,254.4,exact_smiles,1.0,1.0,4.7000000000000455,True,215
CC=C(C)C,139.45,137.09999999999997,141.8,exact_smiles,1.0,1.0,4.7000000000000455,True,1471
O=P(O)(C)C,365.15,362.79999999999995,367.5,exact_smiles,1.0,1.0,4.7000000000000455,True,2806
Nc1cccc(C)c1N,331.15,328.79999999999995,333.5,exact_smiles,1.0,1.0,4.7000000000000455,True,2739
OCC(O)CC,223.0,220.64999999999998,225.35000000000002,exact_smiles,1.0,1.0,4.7000000000000455,True,1665
CCc1ccccc1c2ccccc2,267.15,264.79999999999995,269.5,exact_smiles,1.0,1.0,4.7000000000000455,True,2564
OCCNC(C)(C)C,317.15,314.79999999999995,319.5,exact_smiles,1.0,1.0,4.7000000000000455,True,2918
O=N(=O)C(F)(F)C(F)(F)N(=O)=O,231.64999999999998,229.29999999999995,234.0,exact_smiles,1.0,1.0,4.7000000000000455,True,1310
Cc1ccc(cc1)C(=O)Cl,270.15,267.79999999999995,272.5,exact_smiles,1.0,1.0,4.7000000000000455,True,2286
CCCCCCC(=C)C,195.1,192.74999999999997,197.45000000000002,exact_smiles,1.0,1.0,4.7000000000000455,True,2916
O=C(OC(=O)C(F)(F)C(F)(F)C(F)(F)F)C(F)(F)C(F)(F)C(F)(F)F,230.0,227.64999999999998,232.35000000000002,exact_smiles,1.0,1.0,4.7000000000000455,True,1278
COC(=O)c1cccc(O)c1,347.15,344.79999999999995,349.5,exact_smiles,1.0,1.0,4.7000000000000455,True,3212
CC(OP(=O)(F)C)C(C)(C)C,231.0,228.64999999999998,233.35000000000002,exact_smiles,1.0,1.0,4.7000000000000455,True,467
ON=CCCCCCC,330.65,328.29999999999995,333.0,exact_smiles,1.0,1.0,4.7000000000000455,True,2060
CSSC,188.14999999999998,185.79999999999995,190.5,exact_smiles,1.0,1.0,4.7000000000000455,True,1983
CCCc1cccc(C)c1,190.64999999999998,188.29999999999995,193.0,exact_smiles,1.0,1.0,4.7000000000000455,True,2373
CCc1ccc(cc1)N(=O)=O,260.84999999999997,258.49999999999994,263.2,exact_smiles,1.0,1.0,4.7000000000000455,True,537
ClC(Cl)(Cl)I,265.34999999999997,262.99999999999994,267.7,exact_smiles,1.0,1.0,4.7000000000000455,True,1748
CCCCCCOc1ccccc1,254.0,251.64999999999998,256.35,exact_smiles,1.0,1.0,4.7000000000000455,True,2417
CCCCCC(C)CC,165.54999999999998,163.19999999999996,167.9,exact_smiles,1.0,1.0,4.7000000000000455,True,2659
CC(C)c1ccccc1C(C)C,216.0,213.64999999999998,218.35000000000002,exact_smiles,1.0,1.0,4.7000000000000455,True,1640
OCCNC,268.65,266.29999999999995,271.0,exact_smiles,1.0,1.0,4.7000000000000455,True,826
O=C1c2ccccc2Oc3ccccc13,448.15,445.79999999999995,450.5,exact_smiles,1.0,1.0,4.7000000000000455,True,333
CCCCC(=O)c1ccc(C)cc1,271.15,268.79999999999995,273.5,exact_smiles,1.0,1.0,4.7000000000000455,True,2606
CCOCCOCC,199.0,196.64999999999998,201.35000000000002,exact_smiles,1.0,1.0,4.7000000000000455,True,2055
CC1=NC=CN1,416.15,413.79999999999995,418.5,exact_smiles,1.0,1.0,4.7000000000000455,True,2167
CC1(C)CC1,164.14999999999998,161.79999999999995,166.5,exact_smiles,1.0,1.0,4.7000000000000455,True,2504
Brc1ccc(C)c(C)c1,272.95,270.59999999999997,275.3,exact_smiles,1.0,1.0,4.7000000000000455,True,1661
CCC(O)(CC)CC,260.2,257.84999999999997,262.55,exact_smiles,1.0,1.0,4.7000000000000455,True,1764
CC(C)c1cccc2ccccc12,257.0,254.64999999999998,259.35,exact_smiles,1.0,1.0,4.7000000000000455,True,3012
CC1(C)CC=CCC1,199.14999999999998,196.79999999999995,201.5,exact_smiles,1.0,1.0,4.7000000000000455,True,3144
N#Cc1ccccc1Br,328.15,325.79999999999995,330.5,exact_smiles,1.0,1.0,4.7000000000000455,True,2604
N1=CNC=C1,363.2,360.84999999999997,365.55,exact_smiles,1.0,1.0,4.7000000000000455,True,1249
Oc1cc(C)c(Cl)c(C)c1,388.15,385.79999999999995,390.5,exact_smiles,1.0,1.0,4.7000000000000455,True,286
CCCCCCCCOC(=O)CCCCCC,250.64999999999998,248.29999999999995,253.0,exact_smiles,1.0,1.0,4.7000000000000455,True,2949
CCOS(=O)(=O)OCC,248.5,246.14999999999998,250.85000000000002,exact_smiles,1.0,1.0,4.7000000000000455,True,48
CCCCC(C)C,155.14999999999998,152.79999999999995,157.5,exact_smiles,1.0,1.0,4.7000000000000455,True,1716
CCCC(C)CCC,152.14999999999998,149.79999999999995,154.5,exact_smiles,1.0,1.0,4.7000000000000455,True,1684
NC1CCC(CC1)CC2CCC(N)CC2,337.84999999999997,335.49999999999994,340.2,exact_smiles,1.0,1.0,4.7000000000000455,True,2550
CCCC(=O)Cl,184.14999999999998,181.79999999999995,186.5,exact_smiles,1.0,1.0,4.7000000000000455,True,1171
CCCCCCCCCCCCCCCCCCCCCCCCC,326.5,324.15,328.85,exact_smiles,1.0,1.0,4.7000000000000455,True,2079
CC1SC1,182.0,179.64999999999998,184.35000000000002,exact_smiles,1.0,1.0,4.7000000000000455,True,2368
O=CO,281.45,279.09999999999997,283.8,exact_smiles,1.0,1.0,4.7000000000000455,True,46
Oc1ccccc1C(=O)c2ccccc2O,332.65,330.29999999999995,335.0,exact_smiles,1.0,1.0,4.7000000000000455,True,2274
O=C(C)c1cnccc1,285.8,283.45,288.15000000000003,exact_smiles,1.0,1.0,4.7000000000000455,True,1284
ClCCC(Cl)Cl,214.14999999999998,211.79999999999995,216.5,exact_smiles,1.0,1.0,4.7000000000000455,True,3218
Oc1ccccc1C(C)(C)C,266.15,263.79999999999995,268.5,exact_smiles,1.0,1.0,4.7000000000000455,True,294
N#CCCCCCCC,227.54999999999998,225.19999999999996,229.9,exact_smiles,1.0,1.0,4.7000000000000455,True,1105
Cc1ccc2CCCCc2c1,233.14999999999998,230.79999999999995,235.5,exact_smiles,1.0,1.0,4.7000000000000455,True,2529
NC(C)c1ccccc1,293.09002685546875,214.69003295898438,371.4900207519531,fallback,0.3,0.6190476417541504,156.79998779296875,False,1915
CCC(C)CCC(O)C,153.14999999999998,150.79999999999995,155.5,exact_smiles,1.0,1.0,4.7000000000000455,True,3299
Cc1cc(C)c(C)c(O)c1C,391.5,389.15,393.85,exact_smiles,1.0,1.0,4.7000000000000455,True,1488
CCCC(CCC)C(=O)O,398.15,395.79999999999995,400.5,exact_smiles,1.0,1.0,4.7000000000000455,True,517
CCOCC(O)C,173.14999999999998,170.79999999999995,175.5,exact_smiles,1.0,1.0,4.7000000000000455,True,2486
CC(C)C(=O)OC(=O)C(C)C,219.64999999999998,217.29999999999995,222.0,exact_smiles,1.0,1.0,4.7000000000000455,True,477
Oc1cccc(C)c1C,344.65,342.29999999999995,347.0,exact_smiles,1.0,1.0,4.7000000000000455,True,1486
C[Si](C)(C)O[Si](C)(C)O[Si](C)(C)O[Si](C)(C)C,205.0,202.64999999999998,207.35000000000002,exact_smiles,1.0,1.0,4.7000000000000455,True,1169
C=CCNCC=C,185.14999999999998,182.79999999999995,187.5,exact_smiles,1.0,1.0,4.7000000000000455,True,1098
Brc1cnc2ccccc2c1,286.6,284.25,288.95000000000005,exact_smiles,1.0,1.0,4.7000000000000455,True,2960
c1ccc(cc1)Sc2ccccc2,247.24999999999997,244.89999999999995,249.6,exact_smiles,1.0,1.0,4.7000000000000455,True,1156
CCC(O)(C)C(C)C,242.10000610351562,163.70001220703125,320.5,fallback,0.3,0.4736842215061188,156.79998779296875,False,1762
OC(C(F)(F)F)C(F)(F)F,269.15,266.79999999999995,271.5,exact_smiles,1.0,1.0,4.7000000000000455,True,2303
Clc1cccc(Br)c1Cl,333.15,330.79999999999995,335.5,exact_smiles,1.0,1.0,4.7000000000000455,True,3310
Clc1cc(Cl)c(C)c(Cl)c1Cl,367.15,364.79999999999995,369.5,exact_smiles,1.0,1.0,4.7000000000000455,True,2290
CN(C)S(=O)N(C)C,304.15,301.79999999999995,306.5,exact_smiles,1.0,1.0,4.7000000000000455,True,2849
C#CCCO,209.54999999999998,207.19999999999996,211.9,exact_smiles,1.0,1.0,4.7000000000000455,True,2312
Clc1ccc(Cl)c(N)c1,323.15,320.79999999999995,325.5,exact_smiles,1.0,1.0,4.7000000000000455,True,442
C=C(F)F,129.14999999999998,126.79999999999995,131.5,exact_smiles,1.0,1.0,4.7000000000000455,True,109
O=C(C)CC1=CC=CO1,302.15,299.79999999999995,304.5,exact_smiles,1.0,1.0,4.7000000000000455,True,3053
C=CC(C)(C)C,157.9,155.54999999999998,160.25000000000003,exact_smiles,1.0,1.0,4.7000000000000455,True,1605
Fc1c(F)c(F)c(F)c(F)c1I,244.14999999999998,241.79999999999995,246.5,exact_smiles,1.0,1.0,4.7000000000000455,True,2268
Fc1cccc(c1)C(F)(F)F,191.5,189.14999999999998,193.85000000000002,exact_smiles,1.0,1.0,4.7000000000000455,True,1341
O=N(=O)c1c(C)cc(C)c(N(=O)=O)c1C,358.3,355.95,360.65000000000003,exact_smiles,1.0,1.0,4.7000000000000455,True,1814
Oc1ccc2ncccc2c1,468.15,465.79999999999995,470.5,exact_smiles,1.0,1.0,4.7000000000000455,True,1648
ClCCC(=O)O,314.15,311.79999999999995,316.5,exact_smiles,1.0,1.0,4.7000000000000455,True,744
N#CC=Cc1ccccc1,295.15,292.79999999999995,297.5,exact_smiles,1.0,1.0,4.7000000000000455,True,2578
C=C(C)CCC(=C)C,197.54999999999998,195.19999999999996,199.9,exact_smiles,1.0,1.0,4.7000000000000455,True,2029
Oc1ccc2C(=O)c3ccccc3C(=O)c2c1O,561.15,558.8,563.5,exact_smiles,1.0,1.0,4.7000000000000455,True,69
CCCCCCc1ccc2CCCc2c1,239.0,236.64999999999998,241.35000000000002,exact_smiles,1.0,1.0,4.7000000000000455,True,3302
BrCCCCCCC,217.14999999999998,214.79999999999995,219.5,exact_smiles,1.0,1.0,4.7000000000000455,True,2050
CCOC(=O)C,189.14999999999998,186.79999999999995,191.5,exact_smiles,1.0,1.0,4.7000000000000455,True,1172
CC(C)C(=O)c1ccccc1,271.84999999999997,269.49999999999994,274.2,exact_smiles,1.0,1.0,4.7000000000000455,True,1840
O=CCCCCCCCCC,267.15,264.79999999999995,269.5,exact_smiles,1.0,1.0,4.7000000000000455,True,948
ClC(F)=C(F)F,164.1,161.74999999999997,166.45000000000002,exact_smiles,1.0,1.0,4.7000000000000455,True,231
CC(C)=CC(=O)C=C(C)C,301.15,298.79999999999995,303.5,exact_smiles,1.0,1.0,4.7000000000000455,True,1451
CC1N(C)c2ccccc2C1C,402.7300109863281,324.33001708984375,481.1300048828125,fallback,0.3,0.4722222089767456,156.79998779296875,False,2587
CCc1cccc2ccccc12,259.25,256.9,261.6,exact_smiles,1.0,1.0,4.7000000000000455,True,2412
O=C(O)C1=Cc2ccccc2O1,466.2,463.84999999999997,468.55,exact_smiles,1.0,1.0,4.7000000000000455,True,1430
ClCC(=O)c1ccccc1,328.2,325.84999999999997,330.55,exact_smiles,1.0,1.0,4.7000000000000455,True,1503
CCC(C)c1ccccc1,198.14999999999998,195.79999999999995,200.5,exact_smiles,1.0,1.0,4.7000000000000455,True,1144
O=N(=O)N1CCCCC1,267.65,265.29999999999995,270.0,exact_smiles,1.0,1.0,4.7000000000000455,True,3058
NCCNCCNCCN,285.15,282.79999999999995,287.5,exact_smiles,1.0,1.0,4.7000000000000455,True,942
Cc1ccc2ccccc2n1,271.2,268.84999999999997,273.55,exact_smiles,1.0,1.0,4.7000000000000455,True,353
ClC1=C(Cl)C2(Cl)C3C4OC4(Cl)C(Cl)C3C1(Cl)C2(Cl)Cl,417.0,414.65,419.35,exact_smiles,1.0,1.0,4.7000000000000455,True,3251
Nc1ccccc1Oc2ccccc2,318.95,316.59999999999997,321.3,exact_smiles,1.0,1.0,4.7000000000000455,True,2740
Oc1ccccc1S,278.65,276.29999999999995,281.0,exact_smiles,1.0,1.0,4.7000000000000455,True,2402
CCOC(=O)c1ccc(cc1)N(=O)=O,331.15,328.79999999999995,333.5,exact_smiles,1.0,1.0,4.7000000000000455,True,520
CCOC(=O)CC(=O)OCC,223.14999999999998,220.79999999999995,225.5,exact_smiles,1.0,1.0,4.7000000000000455,True,655
O=C=Nc1ccc(Cl)cc1,303.15,300.79999999999995,305.5,exact_smiles,1.0,1.0,4.7000000000000455,True,622
CCC(Oc1ccccc1)C(=O)O,354.0,311.4510067114094,396.5489932885906,near_exact,1.0,1.0,85.09798657718125,False,3141
NCC(C)C,188.14999999999998,185.79999999999995,190.5,exact_smiles,1.0,1.0,4.7000000000000455,True,192
CCC(Br)C(Br)C,184.91000366210938,106.510009765625,263.30999755859375,fallback,0.3,0.5333333611488342,156.79998779296875,False,2971
CC(C)C(C)(C)C(C)C,171.04999999999998,168.69999999999996,173.4,exact_smiles,1.0,1.0,4.7000000000000455,True,3182
Fc1cc(F)c(F)cc1F,277.2,274.84999999999997,279.55,exact_smiles,1.0,1.0,4.7000000000000455,True,1272
C1NCC(CC1)c2ccccc2,287.5,285.15,289.85,exact_smiles,1.0,1.0,4.7000000000000455,True,2866
C=Cc1cccc(CC)c1,172.0,169.64999999999998,174.35000000000002,exact_smiles,1.0,1.0,4.7000000000000455,True,3085
CC1CCC=C1C,155.14999999999998,152.79999999999995,157.5,exact_smiles,1.0,1.0,4.7000000000000455,True,3175
CCOC(=O)c1ccc(OC)cc1,280.15,277.79999999999995,282.5,exact_smiles,1.0,1.0,4.7000000000000455,True,401
c1cnc(cc1)Nc2ncccc2,363.65,361.29999999999995,366.0,exact_smiles,1.0,1.0,4.7000000000000455,True,2445
CCC(=Cc1ccccc1)N(=O)=O,363.5,320.9510067114094,406.0489932885906,near_exact,1.0,1.0,85.09798657718125,False,2444
N#CC(C#N)=Cc1ccccc1Cl,368.2,365.84999999999997,370.55,exact_smiles,1.0,1.0,4.7000000000000455,True,2741
ClC(F)=C(Cl)F,142.5,99.95100671140938,185.04899328859062,near_exact,1.0,1.0,85.09798657718125,False,1778
COc1ccccc1F,234.0,231.64999999999998,236.35000000000002,exact_smiles,1.0,1.0,4.7000000000000455,True,1267
ClCC(=O)O,336.15,333.79999999999995,338.5,exact_smiles,1.0,1.0,4.7000000000000455,True,217
CC1=CNc2ccccc12,369.15,366.79999999999995,371.5,exact_smiles,1.0,1.0,4.7000000000000455,True,251
CC(C)C(=O)C(C)C,204.14999999999998,201.79999999999995,206.5,exact_smiles,1.0,1.0,4.7000000000000455,True,1625
Clc1ccc(N)cc1,345.65,343.29999999999995,348.0,exact_smiles,1.0,1.0,4.7000000000000455,True,681
ClC=C(F)F,134.64999999999998,132.29999999999995,137.0,exact_smiles,1.0,1.0,4.7000000000000455,True,1313
c1ccc(cc1)C2CC2,242.14999999999998,239.79999999999995,244.5,exact_smiles,1.0,1.0,4.7000000000000455,True,2283
CCCCC=CC(=O)O,254.14999999999998,251.79999999999995,256.5,exact_smiles,1.0,1.0,4.7000000000000455,True,3208
CC(C)c1ccc(C)c(O)c1,274.5,272.15,276.85,exact_smiles,1.0,1.0,4.7000000000000455,True,1438
Brc1cccc(Br)c1,266.15,263.79999999999995,268.5,exact_smiles,1.0,1.0,4.7000000000000455,True,762
CC(C)=C1OC(=O)C1(C)C,255.14999999999998,252.79999999999995,257.5,exact_smiles,1.0,1.0,4.7000000000000455,True,2793
C=Cc1ccccc1CC,197.5,195.14999999999998,199.85000000000002,exact_smiles,1.0,1.0,4.7000000000000455,True,3087
CCCCCC,177.8,175.45,180.15000000000003,exact_smiles,1.0,1.0,4.7000000000000455,True,855
Cc1cccc(c1)c2ccccc2,278.15,275.79999999999995,280.5,exact_smiles,1.0,1.0,4.7000000000000455,True,2125
ClCC(=O)Cl,251.0,248.64999999999998,253.35000000000002,exact_smiles,1.0,1.0,4.7000000000000455,True,210
Cc1nnccc1,457.0,454.65,459.35,exact_smiles,1.0,1.0,4.7000000000000455,True,2505
CC1(C)CC(C)(c2ccccc2)c3ccccc13,324.2,321.84999999999997,326.55,exact_smiles,1.0,1.0,4.7000000000000455,True,2857
CCCCCCCCCCCCCCCCCC(=O)OCCOCCOCCOCCO,313.0,310.65,315.35,exact_smiles,1.0,1.0,4.7000000000000455,True,664
CCO[Si](OCC)(OCC)OCC,187.14999999999998,184.79999999999995,189.5,exact_smiles,1.0,1.0,4.7000000000000455,True,178
IC(I)I,395.15,392.79999999999995,397.5,exact_smiles,1.0,1.0,4.7000000000000455,True,114
OOC(=O)C,272.95,270.59999999999997,275.3,exact_smiles,1.0,1.0,4.7000000000000455,True,220
BrC(Br)(Br)F,199.2,196.84999999999997,201.55,exact_smiles,1.0,1.0,4.7000000000000455,True,1294
Clc1nc(Cl)nc(Cl)n1,427.15,424.79999999999995,429.5,exact_smiles,1.0,1.0,4.7000000000000455,True,784
C=C(C)C(C)C,116.14999999999998,113.79999999999995,118.5,exact_smiles,1.0,1.0,4.7000000000000455,True,1614
COc1cc(N)ccc1C,329.65,327.29999999999995,332.0,exact_smiles,1.0,1.0,4.7000000000000455,True,3174
N#CC(C)(C)C,288.15,285.79999999999995,290.5,exact_smiles,1.0,1.0,4.7000000000000455,True,2085
O=C(Cl)c1ccccc1Br,283.15,280.79999999999995,285.5,exact_smiles,1.0,1.0,4.7000000000000455,True,3064
Brc1ccc(cc1)C(=O)Cl,315.15,312.79999999999995,317.5,exact_smiles,1.0,1.0,4.7000000000000455,True,1672
c1cc2ccc3cccc4ccc(c1)c2c34,423.15,420.79999999999995,425.5,exact_smiles,1.0,1.0,4.7000000000000455,True,1130
O=C(O)C(F)(F)C(F)(F)C(F)(F)F,255.64999999999998,253.29999999999995,258.0,exact_smiles,1.0,1.0,4.7000000000000455,True,1334
Nc1ccccc1C,258.75,256.4,261.1,exact_smiles,1.0,1.0,4.7000000000000455,True,420
CCc1ccc(N)cc1,268.34999999999997,265.99999999999994,270.7,exact_smiles,1.0,1.0,4.7000000000000455,True,1679
CCCC(O)CCC,231.4,229.04999999999998,233.75000000000003,exact_smiles,1.0,1.0,4.7000000000000455,True,1685
CCCCCCCCCC1CCCCC1,263.0,260.65,265.35,exact_smiles,1.0,1.0,4.7000000000000455,True,2765
SCCCCCC,192.14999999999998,189.79999999999995,194.5,exact_smiles,1.0,1.0,4.7000000000000455,True,898
N1CCC(CC1)Cc2ccccc2,289.8,287.45,292.15000000000003,exact_smiles,1.0,1.0,4.7000000000000455,True,3265
CC1CCC(C(C)C)C(O)C1,318.15,315.79999999999995,320.5,exact_smiles,1.0,1.0,4.7000000000000455,True,311
CCCCCCc1cccc2ccccc12,255.14999999999998,252.79999999999995,257.5,exact_smiles,1.0,1.0,4.7000000000000455,True,2764
O=C(C)CCC(=O)C,267.65,265.29999999999995,270.0,exact_smiles,1.0,1.0,4.7000000000000455,True,842
Clc1cc(Cl)c2ccccc2c1,335.3,332.95,337.65000000000003,exact_smiles,1.0,1.0,4.7000000000000455,True,2654
O=CNc1ccccc1C,332.15,329.79999999999995,334.5,exact_smiles,1.0,1.0,4.7000000000000455,True,405
CCN(O)CC,283.0,280.65,285.35,exact_smiles,1.0,1.0,4.7000000000000455,True,2841
N#CC=CC,221.64999999999998,219.29999999999995,224.0,exact_smiles,1.0,1.0,4.7000000000000455,True,2024
O=C(O)Cc1ccc(C)cc1,365.15,362.79999999999995,367.5,exact_smiles,1.0,1.0,4.7000000000000455,True,1946
CC1(C)CCCC(C)(C)N1,301.0,298.65,303.35,exact_smiles,1.0,1.0,4.7000000000000455,True,2228
Clc1ccc(cc1Cl)C(F)(F)F,260.8,258.45,263.15000000000003,exact_smiles,1.0,1.0,4.7000000000000455,True,1273
Clc1ccc(cc1)N(C)C,308.65,306.29999999999995,311.0,exact_smiles,1.0,1.0,4.7000000000000455,True,2180
O=P(Cl)(Cl)c1ccccc1,276.0,273.65,278.35,exact_smiles,1.0,1.0,4.7000000000000455,True,2262
CCCC(C)=CC,144.14999999999998,141.79999999999995,146.5,exact_smiles,1.0,1.0,4.7000000000000455,True,3124
Oc1ccc2ccccc2c1,395.15,392.79999999999995,397.5,exact_smiles,1.0,1.0,4.7000000000000455,True,1142
ClCc1ccc(Cl)cc1Cl,270.54999999999995,268.19999999999993,272.9,exact_smiles,1.0,1.0,4.7000000000000455,True,410
Oc1cccc(O)c1,384.15,381.79999999999995,386.5,exact_smiles,1.0,1.0,4.7000000000000455,True,772
BrCCOC(=O)C,259.2,256.84999999999997,261.55,exact_smiles,1.0,1.0,4.7000000000000455,True,2311
ClCCCCCC,179.14999999999998,176.79999999999995,181.5,exact_smiles,1.0,1.0,4.7000000000000455,True,1567
N#CCCCCC#N,274.15,271.79999999999995,276.5,exact_smiles,1.0,1.0,4.7000000000000455,True,914
CNc1nc(SC)nc(NC(C)C)n1,358.15,355.79999999999995,360.5,exact_smiles,1.0,1.0,4.7000000000000455,True,2355
C=CCC1CCCC1,162.14999999999998,159.79999999999995,164.5,exact_smiles,1.0,1.0,4.7000000000000455,True,2827
O=N(=O)c1ccc(N)c(c1)N(=O)=O,450.15,447.79999999999995,452.5,exact_smiles,1.0,1.0,4.7000000000000455,True,471
CN1CSCSC1,338.0,335.65,340.35,exact_smiles,1.0,1.0,4.7000000000000455,True,3021
OCc1cccc2ccccc12,337.15,334.79999999999995,339.5,exact_smiles,1.0,1.0,4.7000000000000455,True,2930
CN(c1ccccc1)c2ccccc2,265.4,263.04999999999995,267.75,exact_smiles,1.0,1.0,4.7000000000000455,True,1583
BrCCCCCBr,239.0,236.64999999999998,241.35000000000002,exact_smiles,1.0,1.0,4.7000000000000455,True,893
CCCCCCCCCCC(=O)OC,263.15,260.79999999999995,265.5,exact_smiles,1.0,1.0,4.7000000000000455,True,2538
ClCCO,432.65,430.29999999999995,435.0,exact_smiles,1.0,1.0,4.7000000000000455,True,710
CCOc1ccc(C#N)cc1,334.65,332.29999999999995,337.0,exact_smiles,1.0,1.0,4.7000000000000455,True,3242
C#CCCCCCCCCCCCCC,283.15,280.79999999999995,285.5,exact_smiles,1.0,1.0,4.7000000000000455,True,2211
c1cc2cccc3CCc(c1)c23,368.15,365.79999999999995,370.5,exact_smiles,1.0,1.0,4.7000000000000455,True,249
CCN1C(=O)c2ccccc2C1=O,352.15,349.79999999999995,354.5,exact_smiles,1.0,1.0,4.7000000000000455,True,2946
Cc1cc(O)c(C)c(O)c1,435.5,433.15,437.85,exact_smiles,1.0,1.0,4.7000000000000455,True,1412
O=C(O)COc1ccccc1,372.2,369.84999999999997,374.55,exact_smiles,1.0,1.0,4.7000000000000455,True,1058
ClCc1cccc2ccccc12,305.15,302.79999999999995,307.5,exact_smiles,1.0,1.0,4.7000000000000455,True,264
Brc1ccc(cc1)C(C)C,261.15,258.79999999999995,263.5,exact_smiles,1.0,1.0,4.7000000000000455,True,1671
CCCCCOC(=O)CCCC,194.2,191.84999999999997,196.55,exact_smiles,1.0,1.0,4.7000000000000455,True,2650
Brc1cccc(Br)c1O,328.15,325.79999999999995,330.5,exact_smiles,1.0,1.0,4.7000000000000455,True,1813
NN(C)C,215.14999999999998,212.79999999999995,217.5,exact_smiles,1.0,1.0,4.7000000000000455,True,19
CC#CC,240.84999999999997,238.49999999999994,243.2,exact_smiles,1.0,1.0,4.7000000000000455,True,1446
Oc1ccc(cc1)C(C)(C)C,372.15,369.79999999999995,374.5,exact_smiles,1.0,1.0,4.7000000000000455,True,496
ClC(Br)(Br)Br,328.15,325.79999999999995,330.5,exact_smiles,1.0,1.0,4.7000000000000455,True,1745
Oc1ccccc1C(=O)OCc2ccccc2,292.15,289.79999999999995,294.5,exact_smiles,1.0,1.0,4.7000000000000455,True,1002
CCCCCCCCOC(=O)CCCCCCC,255.04999999999998,252.69999999999996,257.4,exact_smiles,1.0,1.0,4.700000000000017,True,2683
COc1ccc(cc1)NC(=O)C,400.15,397.79999999999995,402.5,exact_smiles,1.0,1.0,4.7000000000000455,True,2
O=C1OC(OC1C(Cl)(Cl)Cl)C(Cl)(Cl)Cl,389.15,386.79999999999995,391.5,exact_smiles,1.0,1.0,4.7000000000000455,True,1590
CCN1CCc2ccccc12,378.0299987792969,299.6300048828125,456.42999267578125,fallback,0.3,0.5517241358757019,156.79998779296875,False,3126
CC(C)CCOC(=O)C(=O)OCCC(C)C,264.15,261.79999999999995,266.5,exact_smiles,1.0,1.0,4.7000000000000455,True,2619
O=N(=O)c1ccc(cc1)Oc2ccccc2,328.15,325.79999999999995,330.5,exact_smiles,1.0,1.0,4.7000000000000455,True,1934
CCC=CCCC,136.55,134.2,138.90000000000003,exact_smiles,1.0,1.0,4.7000000000000455,True,3152
O=C(O)CCc1ccccc1,322.15,319.79999999999995,324.5,exact_smiles,1.0,1.0,4.7000000000000455,True,1439
O=N(=O)c1ccccc1N,345.15,342.79999999999995,347.5,exact_smiles,1.0,1.0,4.7000000000000455,True,299
CCC(C)(C)CC,138.14999999999998,135.79999999999995,140.5,exact_smiles,1.0,1.0,4.7000000000000455,True,1609
CCSCCSCC,453.0,450.65,455.35,exact_smiles,1.0,1.0,4.7000000000000455,True,2969
C=Cc1ccccc1Cl,209.9,207.54999999999998,212.25000000000003,exact_smiles,1.0,1.0,4.7000000000000455,True,2599
Clc1cccc(c1)N(=O)=O,316.15,313.79999999999995,318.5,exact_smiles,1.0,1.0,4.7000000000000455,True,1046
O=C1NC=CC(C)=C1,403.15,400.79999999999995,405.5,exact_smiles,1.0,1.0,4.7000000000000455,True,3134
Brc1ccc(cc1)C(C)(C)C,292.15,289.79999999999995,294.5,exact_smiles,1.0,1.0,4.7000000000000455,True,2865
Cc1ccc(cc1)N(=O)=O,326.15,323.79999999999995,328.5,exact_smiles,1.0,1.0,4.7000000000000455,True,530
C=CCCCCC(=O)O,266.65,264.29999999999995,269.0,exact_smiles,1.0,1.0,4.7000000000000455,True,2394
CCOc1cccc(OCC)c1,284.15,281.79999999999995,286.5,exact_smiles,1.0,1.0,4.7000000000000455,True,2605
CCc1cccc(C)c1C,223.64999999999998,221.29999999999995,226.0,exact_smiles,1.0,1.0,4.7000000000000455,True,2323
CC=Cc1ccc2OCOc2c1,281.20001220703125,238.65101891844063,323.7490054956219,near_exact,1.0,1.0,85.09798657718125,False,1026
ClC(Br)F,158.14999999999998,155.79999999999995,160.5,exact_smiles,1.0,1.0,4.7000000000000455,True,1742
CC(C)c1ccc2ccccc2c1,287.2,284.84999999999997,289.55,exact_smiles,1.0,1.0,4.7000000000000455,True,2593
CCc1ccc(Br)cc1,230.14999999999998,227.79999999999995,232.5,exact_smiles,1.0,1.0,4.7000000000000455,True,2493
N#CCCC(C)C,222.14999999999998,219.79999999999995,224.5,exact_smiles,1.0,1.0,4.7000000000000455,True,1552
Clc1ccc2cccc(Cl)c2c1,336.65,334.29999999999995,339.0,exact_smiles,1.0,1.0,4.7000000000000455,True,2616
Ic1ccccc1,242.14999999999998,239.79999999999995,244.5,exact_smiles,1.0,1.0,4.7000000000000455,True,1713
CCC(C)(CC)C(C)(C)C,230.5,228.14999999999998,232.85000000000002,exact_smiles,1.0,1.0,4.7000000000000455,True,3296
n1ccc(cc1)c2ncccc2,334.65,332.29999999999995,337.0,exact_smiles,1.0,1.0,4.7000000000000455,True,1652
CCC(C)OC,173.14999999999998,170.79999999999995,175.5,exact_smiles,1.0,1.0,4.7000000000000455,True,3044
C=CCN(CC=C)CC=C,203.14999999999998,200.79999999999995,205.5,exact_smiles,1.0,1.0,4.7000000000000455,True,595
COc1ccc(N)c(C)c1,302.5,300.15,304.85,exact_smiles,1.0,1.0,4.7000000000000455,True,592
CCCc1cccc2ccccc12,264.54999999999995,262.19999999999993,266.9,exact_smiles,1.0,1.0,4.7000000000000455,True,2746
CC(C)CCC(C)(C)C,167.2,164.84999999999997,169.55,exact_smiles,1.0,1.0,4.7000000000000455,True,2826
Cc1ccc(N(=O)=O)c(c1)N(=O)=O,329.15,326.79999999999995,331.5,exact_smiles,1.0,1.0,4.7000000000000455,True,1826
O=Cc1ccc(O)cc1,390.15,387.79999999999995,392.5,exact_smiles,1.0,1.0,4.7000000000000455,True,1073
CCCNC(=O)NCCC,378.0,375.65,380.35,exact_smiles,1.0,1.0,4.7000000000000455,True,1967
CCCCCC(=O)OCC,206.14999999999998,203.79999999999995,208.5,exact_smiles,1.0,1.0,4.7000000000000455,True,1089
CCCN(C(=O)C)c1ccccc1,322.0,319.65,324.35,exact_smiles,1.0,1.0,4.7000000000000455,True,2711
CCCCC(C=O)CC,197.0,194.64999999999998,199.35000000000002,exact_smiles,1.0,1.0,4.7000000000000455,True,1071
Nc1ccc(cc1)c2ccccc2,326.15,323.79999999999995,328.5,exact_smiles,1.0,1.0,4.7000000000000455,True,368
CCCCCCC(=O)OCC,207.04999999999998,204.69999999999996,209.4,exact_smiles,1.0,1.0,4.7000000000000455,True,666
O=CC(Br)(Br)Br,215.5,213.14999999999998,217.85000000000002,exact_smiles,1.0,1.0,4.7000000000000455,True,984
O=C(C)c1ccc2ccccc2c1,326.15,323.79999999999995,328.5,exact_smiles,1.0,1.0,4.7000000000000455,True,382
c1ccc2c(c1)c3ccccc3c4ccccc24,472.15,469.79999999999995,474.5,exact_smiles,1.0,1.0,4.7000000000000455,True,1228
CCc1cccc(C)c1,177.14999999999998,174.79999999999995,179.5,exact_smiles,1.0,1.0,4.7000000000000455,True,1925
NCC1CCNCC1,297.15,294.79999999999995,299.5,exact_smiles,1.0,1.0,4.7000000000000455,True,3060
Nc1ccc2CCCc2c1,309.2,306.84999999999997,311.55,exact_smiles,1.0,1.0,4.7000000000000455,True,3234
COc1ccc(OC)c(N)c1,355.65,353.29999999999995,358.0,exact_smiles,1.0,1.0,4.7000000000000455,True,593
Nc1ccc(cc1)c2ccccc2N,327.5,325.15,329.85,exact_smiles,1.0,1.0,4.7000000000000455,True,1418
CCCCCCC(=O)OC,217.14999999999998,214.79999999999995,219.5,exact_smiles,1.0,1.0,4.7000000000000455,True,693
OC1CCCCC1,298.54999999999995,296.19999999999993,300.9,exact_smiles,1.0,1.0,4.7000000000000455,True,794
C=CCc1cc(OC)c2OCOc2c1OC,302.65,300.29999999999995,305.0,exact_smiles,1.0,1.0,4.7000000000000455,True,1484
N#Cc1ccncc1,352.15,349.79999999999995,354.5,exact_smiles,1.0,1.0,4.7000000000000455,True,552
BrC=CBr,220.14999999999998,217.79999999999995,222.5,exact_smiles,1.0,1.0,4.7000000000000455,True,1694
Cl[Si](C)(C)C,233.14999999999998,230.79999999999995,235.5,exact_smiles,1.0,1.0,4.7000000000000455,True,132
CCCCCC(O)(C)C,222.74999999999997,220.39999999999995,225.1,exact_smiles,1.0,1.0,4.7000000000000455,True,1986
ICC,162.14999999999998,159.79999999999995,164.5,exact_smiles,1.0,1.0,4.7000000000000455,True,85
CCOC(=O)C(C)(C)C(=O)OCC,242.6,240.24999999999997,244.95000000000002,exact_smiles,1.0,1.0,4.7000000000000455,True,2503
CCCCCCCCCCCCCCCC(=O)C,321.15,318.79999999999995,323.5,exact_smiles,1.0,1.0,4.7000000000000455,True,2769
CCCCCCCCCCCCCCCCCCC1CCCCC1,314.75,312.4,317.1,exact_smiles,1.0,1.0,4.7000000000000455,True,2907
O=C1NC=CC=C1C,412.8,410.45,415.15000000000003,exact_smiles,1.0,1.0,4.7000000000000455,True,2347
C1=CCC=CCCC1,220.14999999999998,217.79999999999995,222.5,exact_smiles,1.0,1.0,4.7000000000000455,True,2482
CCOC(=O)C=CC(=O)OCC,263.15,260.79999999999995,265.5,exact_smiles,1.0,1.0,4.7000000000000455,True,1164
Cc1cccc(C)n1,266.15,263.79999999999995,268.5,exact_smiles,1.0,1.0,4.7000000000000455,True,773
CCCCCCCCCCCCCCCCC1CCCCC1,306.6,304.25,308.95000000000005,exact_smiles,1.0,1.0,4.7000000000000455,True,3045
CCC(=C)C,135.64999999999998,133.29999999999995,138.0,exact_smiles,1.0,1.0,4.7000000000000455,True,1612
CC(C)CC(C)C,152.0,149.64999999999998,154.35000000000002,exact_smiles,1.0,1.0,4.7000000000000455,True,749
O=C(N)C,269.34999999999997,266.99999999999994,271.7,exact_smiles,1.0,1.0,4.7000000000000455,True,35
O=C(C)CCc1ccccc1,260.15,257.79999999999995,262.5,exact_smiles,1.0,1.0,4.7000000000000455,True,2724
Cc1ccccc1NCc2ccccc2,333.15,330.79999999999995,335.5,exact_smiles,1.0,1.0,4.7000000000000455,True,2973
CCOc1ccccc1O,300.5,298.15,302.85,exact_smiles,1.0,1.0,4.7000000000000455,True,406
OCC1=CC=CO1,242.14999999999998,239.79999999999995,244.5,exact_smiles,1.0,1.0,4.7000000000000455,True,482
Cl[Si](Cl)(C)C,257.15,254.79999999999995,259.5,exact_smiles,1.0,1.0,4.7000000000000455,True,133
CCC(=O)c1ccc(C)cc1,280.34999999999997,277.99999999999994,282.7,exact_smiles,1.0,1.0,4.7000000000000455,True,2964
CCCCCCCC1CCCCC1,242.5,240.14999999999998,244.85000000000002,exact_smiles,1.0,1.0,4.7000000000000455,True,2990
CCOC(=O)CCC(=O)OCC,252.5,250.14999999999998,254.85000000000002,exact_smiles,1.0,1.0,4.7000000000000455,True,1076
C#CCCCCCCC,223.14999999999998,220.79999999999995,225.5,exact_smiles,1.0,1.0,4.7000000000000455,True,2821
O=C(Cl)c1ccc2ccccc2c1,324.15,321.79999999999995,326.5,exact_smiles,1.0,1.0,4.7000000000000455,True,2675
SC1CCCC1,189.63998413085938,119.13998413085938,260.1399841308594,retrieval,0.9090909361839294,0.9090909361839294,141.0,False,2527
O=C=NCCCCCCN=C=O,206.14999999999998,203.79999999999995,208.5,exact_smiles,1.0,1.0,4.7000000000000455,True,2257
CC1(C)CCCC1,203.34999999999997,200.99999999999994,205.7,exact_smiles,1.0,1.0,4.7000000000000455,True,2510
Cc1ccc(O)c(c1)C(=O)C,321.5,319.15,323.85,exact_smiles,1.0,1.0,4.7000000000000455,True,2457
OC(C)C(Cl)(Cl)Cl,323.65,321.29999999999995,326.0,exact_smiles,1.0,1.0,4.7000000000000455,True,148
ClC1CC2CCC1C2,268.15,265.79999999999995,270.5,exact_smiles,1.0,1.0,4.7000000000000455,True,3259
BrC(Br)(F)F,163.04999999999998,160.69999999999996,165.4,exact_smiles,1.0,1.0,4.7000000000000455,True,120
CCCCCC(C)C,164.14999999999998,161.79999999999995,166.5,exact_smiles,1.0,1.0,4.7000000000000455,True,1723
OC1CC2CCC(C1)N2C,382.15,379.79999999999995,384.5,exact_smiles,1.0,1.0,4.7000000000000455,True,1021
CN(C)c1ccc(cc1)Cc2ccc(cc2)N(C)C,362.2,359.84999999999997,364.55,exact_smiles,1.0,1.0,4.7000000000000455,True,579
Oc1ccccc1Cc2ccccc2,294.15,291.79999999999995,296.5,exact_smiles,1.0,1.0,4.7000000000000455,True,3256
CC(C)(C)c1ccc2ccccc2c1,269.15,266.79999999999995,271.5,exact_smiles,1.0,1.0,4.7000000000000455,True,2762
C1CC12CC2,138.54999999999998,136.19999999999996,140.9,exact_smiles,1.0,1.0,4.7000000000000455,True,1218
Oc1cc(C)c(cc1C(C)(C)C)C(C)(C)C,335.25,332.9,337.6,exact_smiles,1.0,1.0,4.7000000000000455,True,1434
ClC1=Nc2ccccc2O1,280.15,277.79999999999995,282.5,exact_smiles,1.0,1.0,4.7000000000000455,True,1880
CCCCC(=O)Cl,163.14999999999998,160.79999999999995,165.5,exact_smiles,1.0,1.0,4.7000000000000455,True,2116
CC1CC=CCC1,157.64999999999998,155.29999999999995,160.0,exact_smiles,1.0,1.0,4.7000000000000455,True,1711
C=C(C)C1CCC(C)C(=O)C1,262.15,259.79999999999995,264.5,exact_smiles,1.0,1.0,4.7000000000000455,True,1921
O=C(C)C(=C)C,219.0,216.64999999999998,221.35000000000002,exact_smiles,1.0,1.0,4.7000000000000455,True,2245
CCc1cccc(c1)c2ccccc2,245.64999999999998,243.29999999999995,248.0,exact_smiles,1.0,1.0,4.7000000000000455,True,2991
Nc1ccc(Cl)c(C)c1,357.15,354.79999999999995,359.5,exact_smiles,1.0,1.0,4.7000000000000455,True,3062
C=C(Cl)c1ccccc1,250.14999999999998,247.79999999999995,252.5,exact_smiles,1.0,1.0,4.7000000000000455,True,1914
O=C(O)C1(C)CCC(C)C1(C)C,379.15,376.79999999999995,381.5,exact_smiles,1.0,1.0,4.7000000000000455,True,1400
Cc1ccc(cc1)c2ccc(C)cc2,394.15,391.79999999999995,396.5,exact_smiles,1.0,1.0,4.7000000000000455,True,1863
O=CC=O,288.15,285.79999999999995,290.5,exact_smiles,1.0,1.0,4.7000000000000455,True,721
CC1CCC1,111.5,109.14999999999998,113.85000000000002,exact_smiles,1.0,1.0,4.7000000000000455,True,1775
OCCO,260.15,257.79999999999995,262.5,exact_smiles,1.0,1.0,4.7000000000000455,True,720
CCCCCCC(=O)CCCC,275.0,272.65,277.35,exact_smiles,1.0,1.0,4.7000000000000455,True,3272
Clc1ccc(S)cc1,334.0,331.65,336.35,exact_smiles,1.0,1.0,4.7000000000000455,True,687
Brc1cccc2ccccc12,272.15,269.79999999999995,274.5,exact_smiles,1.0,1.0,4.7000000000000455,True,323
CCCCSCCCC,193.2,190.84999999999997,195.55,exact_smiles,1.0,1.0,4.7000000000000455,True,1569
O=N(=O)c1cc(cc(c1)N(=O)=O)N(=O)=O,394.65,392.29999999999995,397.0,exact_smiles,1.0,1.0,4.7000000000000455,True,511
ClCCC(C)C,168.74999999999997,166.39999999999995,171.1,exact_smiles,1.0,1.0,4.7000000000000455,True,739
O=C(C)OCCOCCOC(=O)C,291.0,288.65,293.35,exact_smiles,1.0,1.0,4.7000000000000455,True,2041
Fc1c(F)c(F)c(c(F)c1F)c2c(F)c(F)c(F)c(F)c2F,341.15,338.79999999999995,343.5,exact_smiles,1.0,1.0,4.7000000000000455,True,1362
Cc1ccc2nccc(C)c2c1,295.15,292.79999999999995,297.5,exact_smiles,1.0,1.0,4.7000000000000455,True,2265
C#CCCC#C,267.15,264.79999999999995,269.5,exact_smiles,1.0,1.0,4.7000000000000455,True,2033
Sc1ccccc1,233.14999999999998,230.79999999999995,235.5,exact_smiles,1.0,1.0,4.7000000000000455,True,798
C=CCc1cc2OCOc2c(OC)c1OC,302.5,300.15,304.85,exact_smiles,1.0,1.0,4.7000000000000455,True,1404
FC(F)(F)C1(F)C(F)(F)C(F)(F)C(F)(F)C(F)(F)C1(F)F,236.0,233.64999999999998,238.35000000000002,exact_smiles,1.0,1.0,4.7000000000000455,True,1305
CCC(N)C,168.5,166.14999999999998,170.85000000000002,exact_smiles,1.0,1.0,4.7000000000000455,True,3143
OCC(CC)CC,258.0,255.64999999999998,260.35,exact_smiles,1.0,1.0,4.7000000000000455,True,480
N#Cc1ccc(Br)cc1,385.5,383.15,387.85,exact_smiles,1.0,1.0,4.7000000000000455,True,1954
CCC1(O)CCCCC1,307.5,305.15,309.85,exact_smiles,1.0,1.0,4.7000000000000455,True,2583
ON=C(C(C)C)C(C)C,307.0,304.65,309.35,exact_smiles,1.0,1.0,4.7000000000000455,True,2387
CCCCCCC,182.2,179.84999999999997,184.55,exact_smiles,1.0,1.0,4.7000000000000455,True,1186
O=N(=O)C(N(=O)=O)(N(=O)=O)N(=O)=O,286.95,284.59999999999997,289.3,exact_smiles,1.0,1.0,4.7000000000000455,True,1468
Clc1ccccc1I,274.15,271.79999999999995,276.5,exact_smiles,1.0,1.0,4.7000000000000455,True,1883
O=C(c1ccccc1)C(F)(F)F,233.14999999999998,230.79999999999995,235.5,exact_smiles,1.0,1.0,4.7000000000000455,True,1360
Fc1ccccc1N,238.54999999999998,236.19999999999996,240.9,exact_smiles,1.0,1.0,4.7000000000000455,True,1283
O=C(C)C1=CC=CN1,363.15,360.79999999999995,365.5,exact_smiles,1.0,1.0,4.7000000000000455,True,2369
CCOc1ccccc1C=O,294.15,291.79999999999995,296.5,exact_smiles,1.0,1.0,4.7000000000000455,True,1867
CN(C)C(=O)N(C)C,271.9,269.54999999999995,274.25,exact_smiles,1.0,1.0,4.7000000000000455,True,2091
CCCC(=O)C,195.14999999999998,192.79999999999995,197.5,exact_smiles,1.0,1.0,4.7000000000000455,True,740
CCN(CC)c1ccccc1,235.14999999999998,232.79999999999995,237.5,exact_smiles,1.0,1.0,4.7000000000000455,True,355
CCOCOCC,206.8,204.45,209.15000000000003,exact_smiles,1.0,1.0,4.7000000000000455,True,1392
CCCCCCCCCCCCCCC(O)C,318.5,316.15,320.85,exact_smiles,1.0,1.0,4.7000000000000455,True,3155
C1CCC2CCNC2C1,358.0,355.65,360.35,exact_smiles,1.0,1.0,4.7000000000000455,True,2900
NCCCCN,300.65,298.29999999999995,303.0,exact_smiles,1.0,1.0,4.7000000000000455,True,860
CC1=NON=C1C,266.15,263.79999999999995,268.5,exact_smiles,1.0,1.0,4.7000000000000455,True,2945
CCCCN1CCOCC1,215.9,213.54999999999998,218.25000000000003,exact_smiles,1.0,1.0,4.7000000000000455,True,2351
c1ccc(cc1)C#Cc2ccccc2,333.15,330.79999999999995,335.5,exact_smiles,1.0,1.0,4.7000000000000455,True,1440
COc1ccc(OC)cc1,332.15,329.79999999999995,334.5,exact_smiles,1.0,1.0,4.7000000000000455,True,1209
CCC1(C)CCCC1,129.14999999999998,126.79999999999995,131.5,exact_smiles,1.0,1.0,4.7000000000000455,True,3185
BrC1CCCCC1,216.64999999999998,214.29999999999995,219.0,exact_smiles,1.0,1.0,4.7000000000000455,True,787
Cc1cccc2cc3ccccc3cc12,358.65,356.29999999999995,361.0,exact_smiles,1.0,1.0,4.7000000000000455,True,1827
Nc1ccc(cc1)N=Nc2ccccc2,397.15,394.79999999999995,399.5,exact_smiles,1.0,1.0,4.7000000000000455,True,30
S1CSCC1,223.0,220.64999999999998,225.35000000000002,exact_smiles,1.0,1.0,4.7000000000000455,True,2933
BrCC,154.54999999999998,152.19999999999996,156.9,exact_smiles,1.0,1.0,4.7000000000000455,True,78
CCCCCCCCCCCCCC1CCCCC1,291.5,289.15,293.85,exact_smiles,1.0,1.0,4.7000000000000455,True,3003
O=C(C)Nc1cccc(C)c1,338.2,335.84999999999997,340.55,exact_smiles,1.0,1.0,4.7000000000000455,True,1520
NCC1(C)CC(O)CC(C)(C)C1,318.5,316.15,320.85,exact_smiles,1.0,1.0,4.7000000000000455,True,3162
O=C(O)C(=O)C(C)(C)C,363.5,361.15,365.85,exact_smiles,1.0,1.0,4.7000000000000455,True,2246
NCCNCCNCCNCCN,233.14999999999998,230.79999999999995,235.5,exact_smiles,1.0,1.0,4.7000000000000455,True,966
Clc1ccc(cc1)N(=O)=O,356.75,354.4,359.1,exact_smiles,1.0,1.0,4.7000000000000455,True,531
Cl[Si](Cl)(Cl)C,183.14999999999998,180.79999999999995,185.5,exact_smiles,1.0,1.0,4.7000000000000455,True,134
CCC(C)(C)CC(C)C,159.8,157.45,162.15000000000003,exact_smiles,1.0,1.0,4.7000000000000455,True,3179
OCCOCCOCC,195.0,192.64999999999998,197.35000000000002,exact_smiles,1.0,1.0,4.7000000000000455,True,928
O=C(C)C=C(C)C,214.14999999999998,211.79999999999995,216.5,exact_smiles,1.0,1.0,4.7000000000000455,True,1173
O=C1CCC(C)CC1,232.2,229.84999999999997,234.55,exact_smiles,1.0,1.0,4.7000000000000455,True,1691
Cc1cc(C)c(O)c(C)c1C,353.5,351.15,355.85,exact_smiles,1.0,1.0,4.7000000000000455,True,2802
Oc1ccc(O)cc1,448.15,445.79999999999995,450.5,exact_smiles,1.0,1.0,4.7000000000000455,True,1079
COc1ccc(cc1)C(c2ccc(OC)cc2)C(Cl)(Cl)Cl,360.15,357.79999999999995,362.5,exact_smiles,1.0,1.0,4.7000000000000455,True,68
NCCCCCCCCCCCCCCCCCC,326.04999999999995,323.69999999999993,328.4,exact_smiles,1.0,1.0,4.7000000000000455,True,1111
C=C(C)C=C(C)C,159.0,156.64999999999998,161.35000000000002,exact_smiles,1.0,1.0,4.7000000000000455,True,2342
CCC(Br)C,161.0,158.64999999999998,163.35000000000002,exact_smiles,1.0,1.0,4.7000000000000455,True,187
Clc1cc(Cl)c(N)c(Cl)c1,350.15,347.79999999999995,352.5,exact_smiles,1.0,1.0,4.7000000000000455,True,2099
CCCCCCCCC(=O)CCCCCCCC,325.5,323.15,327.85,exact_smiles,1.0,1.0,4.7000000000000455,True,1530
C=CBr,135.34999999999997,132.99999999999994,137.7,exact_smiles,1.0,1.0,4.7000000000000455,True,1739
O=C(Cl)C,160.34999999999997,157.99999999999994,162.7,exact_smiles,1.0,1.0,4.7000000000000455,True,107
O=N(=O)OCCON(=O)=O,250.84999999999997,248.49999999999994,253.2,exact_smiles,1.0,1.0,4.7000000000000455,True,2046
Brc1ccc(Cl)c(Cl)c1,297.5,295.15,299.85,exact_smiles,1.0,1.0,4.7000000000000455,True,3203
Clc1ccc2ccccc2c1,334.15,331.79999999999995,336.5,exact_smiles,1.0,1.0,4.7000000000000455,True,349
CCCCOC(=O)CCC,181.65,179.29999999999998,184.00000000000003,exact_smiles,1.0,1.0,4.7000000000000455,True,805
Cl[Si](C)(C)O[Si](C)(C)O[Si](Cl)(C)C,220.14999999999998,217.79999999999995,222.5,exact_smiles,1.0,1.0,4.7000000000000455,True,2832
O=C(O)C(Cl)Cl,283.15,280.79999999999995,285.5,exact_smiles,1.0,1.0,4.7000000000000455,True,233
CCCCCCC1CCCCC1,230.0,227.64999999999998,232.35000000000002,exact_smiles,1.0,1.0,4.7000000000000455,True,2897
Cc1ccnc2ccccc12,282.8,280.45,285.15000000000003,exact_smiles,1.0,1.0,4.7000000000000455,True,1417
c1ccc2ccccc2c1,356.15,353.79999999999995,358.5,exact_smiles,1.0,1.0,4.7000000000000455,True,343
N#Cc1cccc(C=O)c1,350.15,347.79999999999995,352.5,exact_smiles,1.0,1.0,4.7000000000000455,True,3239
CCCCCCCCCCCCCCCCCC1CCCCC1,311.0,308.65,313.35,exact_smiles,1.0,1.0,4.7000000000000455,True,3215
ClC(Cl)C(Cl)(Cl)F,190.4,188.04999999999998,192.75000000000003,exact_smiles,1.0,1.0,4.7000000000000455,True,1298
ClC1=C(Cl)C(Cl)=C(Cl)S1,302.2,299.84999999999997,304.55,exact_smiles,1.0,1.0,4.7000000000000455,True,3005
ClC1=CC(C)=NN1,397.1399841308594,318.739990234375,475.53997802734375,fallback,0.3,0.5454545617103577,156.79998779296875,False,3167
CCCCCCCCCCCCCCCCCCCCCC,316.5,314.15,318.85,exact_smiles,1.0,1.0,4.7000000000000455,True,2078
O=N(=O)c1cccc(c1)C(=O)N,416.15,413.79999999999995,418.5,exact_smiles,1.0,1.0,4.7000000000000455,True,2131
O=C(C)Nc1ccc(C)cc1,425.15,422.79999999999995,427.5,exact_smiles,1.0,1.0,4.7000000000000455,True,620
CCC=C(C)C,138.0,135.64999999999998,140.35000000000002,exact_smiles,1.0,1.0,4.7000000000000455,True,1987
CC(C)OC(C)(C)C,185.14999999999998,182.79999999999995,187.5,exact_smiles,1.0,1.0,4.7000000000000455,True,3194
O=N(=O)c1cccc(C)c1N(=O)=O,333.0,330.65,335.35,exact_smiles,1.0,1.0,4.7000000000000455,True,1785
CN1C=NC=C1,267.0,264.65,269.35,exact_smiles,1.0,1.0,4.7000000000000455,True,1904
CCc1ccc(O)cc1,318.15,315.79999999999995,320.5,exact_smiles,1.0,1.0,4.7000000000000455,True,1072
OC(C)CNCC(O)C,316.2,313.84999999999997,318.55,exact_smiles,1.0,1.0,4.7000000000000455,True,885
CCCC1CCCC1,155.8,153.45,158.15000000000003,exact_smiles,1.0,1.0,4.7000000000000455,True,2603
O=N(=O)c1ccc(Cl)c(c1)N(=O)=O,326.15,323.79999999999995,328.5,exact_smiles,1.0,1.0,4.7000000000000455,True,470
C#CC(O)(C)C,275.8,273.45,278.15000000000003,exact_smiles,1.0,1.0,4.7000000000000455,True,986
CC1CCCC(C)(C)C1,207.45,205.09999999999997,209.8,exact_smiles,1.0,1.0,4.7000000000000455,True,2783
Fc1cccc(C)c1,186.0,183.64999999999998,188.35000000000002,exact_smiles,1.0,1.0,4.7000000000000455,True,1290
C=CS(=O)(=O)C=C,247.14999999999998,244.79999999999995,249.5,exact_smiles,1.0,1.0,4.7000000000000455,True,175
C=CC(CC)CC,145.8,143.45,148.15000000000003,exact_smiles,1.0,1.0,4.7000000000000455,True,2871
CC(C)CC(C)(C)C,166.14999999999998,163.79999999999995,168.5,exact_smiles,1.0,1.0,4.7000000000000455,True,1539
CC1OC(C)OC(C)O1,285.75,283.4,288.1,exact_smiles,1.0,1.0,4.7000000000000455,True,1088
COC(=O)c1cc2ccccc2cc1O,347.2,344.84999999999997,349.55,exact_smiles,1.0,1.0,4.7000000000000455,True,2297
OCCCc1ccncc1,310.15,307.79999999999995,312.5,exact_smiles,1.0,1.0,4.7000000000000455,True,2735
N#CC(=C)C,237.14999999999998,234.79999999999995,239.5,exact_smiles,1.0,1.0,4.7000000000000455,True,1119
OC(C)(C)C,298.54999999999995,296.19999999999993,300.9,exact_smiles,1.0,1.0,4.7000000000000455,True,124
OCCOCCOC,203.14999999999998,200.79999999999995,205.5,exact_smiles,1.0,1.0,4.7000000000000455,True,918
CCCCCCCC(=O)CCCCCCC,316.15,313.79999999999995,318.5,exact_smiles,1.0,1.0,4.7000000000000455,True,2248
O=C(CCC(=O)Oc1ccccc1)Oc2ccccc2,394.0,391.65,396.35,exact_smiles,1.0,1.0,4.7000000000000455,True,1936
C1=CC=CO1,187.7,185.34999999999997,190.05,exact_smiles,1.0,1.0,4.7000000000000455,True,836
O=C(O)CCCCCC(=O)O,377.15,374.79999999999995,379.5,exact_smiles,1.0,1.0,4.7000000000000455,True,891
O=C1CC(C)(C)CC1C,247.4,245.04999999999998,249.75000000000003,exact_smiles,1.0,1.0,4.7000000000000455,True,2923
O=C(C)CC(=O)OC(C)C,246.14999999999998,243.79999999999995,248.5,exact_smiles,1.0,1.0,4.7000000000000455,True,1547
Brc1cccc(N)c1,289.15,286.79999999999995,291.5,exact_smiles,1.0,1.0,4.7000000000000455,True,1707
O=C1CCCCC1(C)C,252.5,250.14999999999998,254.85000000000002,exact_smiles,1.0,1.0,4.7000000000000455,True,2435
C1=CC2C3C=CC(C3)C2C1,305.15,302.79999999999995,307.5,exact_smiles,1.0,1.0,4.7000000000000455,True,171
c1ccc(cc1)c2ccccc2c3ccccc3c4ccccc4,391.65,389.29999999999995,394.0,exact_smiles,1.0,1.0,4.7000000000000455,True,2123
Clc1cc(Br)cc(O)c1,340.0,337.65,342.35,exact_smiles,1.0,1.0,4.7000000000000455,True,3313
Oc1ccccc1c2ccccc2,331.0,328.65,333.35,exact_smiles,1.0,1.0,4.7000000000000455,True,332
CC=CC(C)C,153.14999999999998,150.79999999999995,155.5,exact_smiles,1.0,1.0,4.7000000000000455,True,2144
CCC(C)C(=C)C,138.8,136.45,141.15000000000003,exact_smiles,1.0,1.0,4.7000000000000455,True,2814
OCC1OCCC1,193.0,190.64999999999998,195.35000000000002,exact_smiles,1.0,1.0,4.7000000000000455,True,481
ON=CCC,313.15,310.79999999999995,315.5,exact_smiles,1.0,1.0,4.7000000000000455,True,2026
CC(C)CC1CCCC1,157.95,155.59999999999997,160.3,exact_smiles,1.0,1.0,4.7000000000000455,True,2851
CCOC(=O)c1ccc(O)c(OC)c1,317.15,314.79999999999995,319.5,exact_smiles,1.0,1.0,4.7000000000000455,True,1906
CC#CC#CC,340.4,338.04999999999995,342.75,exact_smiles,1.0,1.0,4.7000000000000455,True,2752
CC=CC=C(C)C,198.8000030517578,156.2510097631672,241.34899634034844,near_exact,1.0,1.0,85.09798657718125,False,3255
COC(=O)CCCCCCC(=O)OC,269.9,267.54999999999995,272.25,exact_smiles,1.0,1.0,4.7000000000000455,True,2539
Cc1ccc(cc1)Cc2ccccc2,398.15,395.79999999999995,400.5,exact_smiles,1.0,1.0,4.7000000000000455,True,1932
C1CCC2NC2C1,294.15,291.79999999999995,296.5,exact_smiles,1.0,1.0,4.7000000000000455,True,1244
O=Cc1c(F)c(F)c(F)c(F)c1F,298.5,296.15,300.85,exact_smiles,1.0,1.0,4.7000000000000455,True,2139
CCC(CC)C(C)(C)C,173.84999999999997,171.49999999999994,176.2,exact_smiles,1.0,1.0,4.7000000000000455,True,3181
N#Cc1ccc(OC)cc1,332.15,329.79999999999995,334.5,exact_smiles,1.0,1.0,4.7000000000000455,True,2288
CCOC(C)(C)C,179.14999999999998,176.79999999999995,181.5,exact_smiles,1.0,1.0,4.7000000000000455,True,2111
S=C1Sc2ccccc2N1C,363.15,360.79999999999995,365.5,exact_smiles,1.0,1.0,4.7000000000000455,True,2678
N#CSCC,187.64999999999998,185.29999999999995,190.0,exact_smiles,1.0,1.0,4.7000000000000455,True,1558
N#CCCCCCCCCC,258.15,255.79999999999995,260.5,exact_smiles,1.0,1.0,4.7000000000000455,True,2590
Brc1cc(cc(Br)c1O)C(C)(C)c2cc(Br)c(O)c(Br)c2,454.15,451.79999999999995,456.5,exact_smiles,1.0,1.0,4.7000000000000455,True,238
O=N(=O)c1ccc(C)c(C)c1,303.65,301.29999999999995,306.0,exact_smiles,1.0,1.0,4.7000000000000455,True,512
CCCCCCC(=O)Cl,189.1,186.74999999999997,191.45000000000002,exact_smiles,1.0,1.0,4.7000000000000455,True,2722
C=CF,112.64999999999998,110.29999999999995,115.0,exact_smiles,1.0,1.0,4.7000000000000455,True,84
CCCCCOC(=O)C,173.14999999999998,170.79999999999995,175.5,exact_smiles,1.0,1.0,4.7000000000000455,True,2039
Clc1ccc(C)c(Cl)c1O,301.15,298.79999999999995,303.5,exact_smiles,1.0,1.0,4.7000000000000455,True,3138
Fc1cccc(c1)C(=O)Cl,243.14999999999998,240.79999999999995,245.5,exact_smiles,1.0,1.0,4.7000000000000455,True,2532
CCCCC(C(=O)O)C(=O)O,377.65,375.29999999999995,380.0,exact_smiles,1.0,1.0,4.7000000000000455,True,1512
C=C[Si](C)(C)O[Si](C)(C)C=C,173.3,170.95,175.65000000000003,exact_smiles,1.0,1.0,4.7000000000000455,True,2734
COc1ccnc2ccccc12,314.15,311.79999999999995,316.5,exact_smiles,1.0,1.0,4.7000000000000455,True,1804
CCOC(=O)N,322.15,319.79999999999995,324.5,exact_smiles,1.0,1.0,4.7000000000000455,True,4
C[Si](C)(C)C,174.14999999999998,171.79999999999995,176.5,exact_smiles,1.0,1.0,4.7000000000000455,True,131
N#CCCCCCCCCCCC,277.15,274.79999999999995,279.5,exact_smiles,1.0,1.0,4.7000000000000455,True,2709
ClCC(O)(C)C,253.14999999999998,250.79999999999995,255.5,exact_smiles,1.0,1.0,4.7000000000000455,True,1606
O=S(=O)(Cl)C(Cl)(Cl)Cl,413.5,411.15,415.85,exact_smiles,1.0,1.0,4.7000000000000455,True,2723
ClCC(=O)C(Cl)(Cl)Cl,338.0,335.65,340.35,exact_smiles,1.0,1.0,4.7000000000000455,True,3189
BrCC(=O)C,236.5,234.14999999999998,238.85000000000002,exact_smiles,1.0,1.0,4.7000000000000455,True,1770
c1ccc2OC=Nc2c1,304.15,301.79999999999995,306.5,exact_smiles,1.0,1.0,4.7000000000000455,True,1240
Clc1ccc(Cl)c2ccccc12,340.5,338.15,342.85,exact_smiles,1.0,1.0,4.7000000000000455,True,2570
O=C(O)C1=C(C)C(C)(C)CC1,408.0,405.65,410.35,exact_smiles,1.0,1.0,4.7000000000000455,True,2988
CC=Cc1ccc(OC)cc1,294.5,292.15,296.85,exact_smiles,1.0,1.0,4.7000000000000455,True,626
BrCC1OC1,233.14999999999998,230.79999999999995,235.5,exact_smiles,1.0,1.0,4.7000000000000455,True,2786
O=Cc1ccccc1O,275.15,272.79999999999995,277.5,exact_smiles,1.0,1.0,4.7000000000000455,True,320
c1ccc(cc1)COCc2ccccc2,277.15,274.79999999999995,279.5,exact_smiles,1.0,1.0,4.7000000000000455,True,608
CCCC=CC(C)C,165.64999999999998,163.29999999999995,168.0,exact_smiles,1.0,1.0,4.7000000000000455,True,3197
Fc1ccccc1C,186.14999999999998,183.79999999999995,188.5,exact_smiles,1.0,1.0,4.7000000000000455,True,419
SCCCCCCCCCCCCCCCC,294.15,291.79999999999995,296.5,exact_smiles,1.0,1.0,4.7000000000000455,True,2768
CCc1cc(C)c(C)cc1C,259.65,257.29999999999995,262.0,exact_smiles,1.0,1.0,4.7000000000000455,True,3201
ClCOC,169.5,167.14999999999998,171.85000000000002,exact_smiles,1.0,1.0,4.7000000000000455,True,724
O=N(=O)c1ccccc1I,325.0,322.65,327.35,exact_smiles,1.0,1.0,4.7000000000000455,True,1822
CCOC(=O)Nc1ccccc1,326.15,323.79999999999995,328.5,exact_smiles,1.0,1.0,4.7000000000000455,True,586
Cl[Si]Cl,250.41000366210938,172.010009765625,328.80999755859375,fallback,0.3,0.20000000298023224,156.79998779296875,False,2876
O=CC,147.3,144.95,149.65000000000003,exact_smiles,1.0,1.0,4.7000000000000455,True,88
N#CCCCCCC,209.14999999999998,206.79999999999995,211.5,exact_smiles,1.0,1.0,4.7000000000000455,True,2053
O=C(O)COc1ccc(Cl)cc1C,393.0,390.65,395.35,exact_smiles,1.0,1.0,4.7000000000000455,True,407
OCC(O)CON(=O)=O,334.0,331.65,336.35,exact_smiles,1.0,1.0,4.7000000000000455,True,1976
O=COC,173.14999999999998,170.79999999999995,175.5,exact_smiles,1.0,1.0,4.7000000000000455,True,725
C1=CCCCC1,169.14999999999998,166.79999999999995,171.5,exact_smiles,1.0,1.0,4.7000000000000455,True,877
CCCCCC(=O)c1ccccc1,300.0,297.65,302.35,exact_smiles,1.0,1.0,4.7000000000000455,True,2335
C=C(C)C,132.8,130.45,135.15000000000003,exact_smiles,1.0,1.0,4.7000000000000455,True,983
CSCCCC,175.34999999999997,172.99999999999994,177.7,exact_smiles,1.0,1.0,4.7000000000000455,True,2035
N#CCCCCCCCCCCCCCCCCC,314.0,311.65,316.35,exact_smiles,1.0,1.0,4.7000000000000455,True,2120
CCCC(O)C,200.14999999999998,197.79999999999995,202.5,exact_smiles,1.0,1.0,4.7000000000000455,True,3006
ClC(F)(F)C(F)(F)F,173.6,171.24999999999997,175.95000000000002,exact_smiles,1.0,1.0,4.7000000000000455,True,158
Clc1cccc(c1)C(F)(F)F,217.14999999999998,214.79999999999995,219.5,exact_smiles,1.0,1.0,4.7000000000000455,True,488
CCCCCC(=O)C,238.14999999999998,235.79999999999995,240.5,exact_smiles,1.0,1.0,4.7000000000000455,True,850
N#CC1=CC=CO1,349.47003173828125,271.0700378417969,427.8700256347656,fallback,0.3,0.4482758641242981,156.79998779296875,False,3263
CC(C)CN(CC(C)C)CC(C)C,251.2,248.84999999999997,253.55,exact_smiles,1.0,1.0,4.7000000000000455,True,2388
CCN(CC)c1ccccc1C,213.14999999999998,210.79999999999995,215.5,exact_smiles,1.0,1.0,4.7000000000000455,True,1802
CCCCOCCOC(=O)C,210.14999999999998,207.79999999999995,212.5,exact_smiles,1.0,1.0,4.7000000000000455,True,934
COc1ccc(OC)c(C=O)c1,325.15,322.79999999999995,327.5,exact_smiles,1.0,1.0,4.7000000000000455,True,380
CC(C)C,113.54999999999998,111.19999999999996,115.9,exact_smiles,1.0,1.0,4.7000000000000455,True,100
SCC(C)C,128.14999999999998,125.79999999999995,130.5,exact_smiles,1.0,1.0,4.7000000000000455,True,1474
CCCCCCCCCCCC(=O)OCC,263.15,260.79999999999995,265.5,exact_smiles,1.0,1.0,4.7000000000000455,True,669
NCc1cnccc1,251.9,249.54999999999998,254.25000000000003,exact_smiles,1.0,1.0,4.7000000000000455,True,2843
SC,150.14999999999998,147.79999999999995,152.5,exact_smiles,1.0,1.0,4.7000000000000455,True,76
O=C(OC(=O)C(F)(F)F)C(F)(F)F,210.14999999999998,207.79999999999995,212.5,exact_smiles,1.0,1.0,4.7000000000000455,True,1346
CCOC(=O)C(Cl)Cc1cc(c(F)cc1Cl)N2N=C(C)N(C(F)F)C2=O,251.04999999999998,248.69999999999996,253.4,exact_smiles,1.0,1.0,4.7000000000000455,True,3327
O=C(O)C(Cl)C,277.0,274.65,279.35,exact_smiles,1.0,1.0,4.7000000000000455,True,1777
C=C(C)C=CC(=C)C,264.1499938964844,221.60100060789375,306.698987185075,near_exact,1.0,1.0,85.09798657718125,False,2940
COC(C)(C)C,164.14999999999998,161.79999999999995,166.5,exact_smiles,1.0,1.0,4.7000000000000455,True,2506
CCCCCCCCC(=O)CC,282.15,279.79999999999995,284.5,exact_smiles,1.0,1.0,4.7000000000000455,True,2663
COc1ccc(COC(=O)C)cc1,357.0,354.65,359.35,exact_smiles,1.0,1.0,4.7000000000000455,True,624
C#CCCC(C)C,149.14999999999998,146.79999999999995,151.5,exact_smiles,1.0,1.0,4.7000000000000455,True,2655
BrCC(Br)C(Br)C,254.0,251.64999999999998,256.35,exact_smiles,1.0,1.0,4.7000000000000455,True,2089
OCCCc1ccccc1,255.14999999999998,252.79999999999995,257.5,exact_smiles,1.0,1.0,4.7000000000000455,True,1065
